"","c..2810403A07Rik....4930480K23Rik....9130008F23Rik....9130011E15Rik..."
"1","2810403A07Rik"
"2","4930480K23Rik"
"3","9130008F23Rik"
"4","9130011E15Rik"
"5","9930111J21Rik2"
"6","Aaed1"
"7","Aatf"
"8","Abcd3"
"9","Abcg2"
"10","Abhd16a"
"11","Abhd4"
"12","Abi1"
"13","Abl2"
"14","Acaca"
"15","Acad11"
"16","Acads"
"17","Acbd3"
"18","Acer3"
"19","Acin1"
"20","Acnat1"
"21","Acot11"
"22","Acsbg1"
"23","Acsl5"
"24","Acsm3"
"25","Actg1"
"26","Actr1b"
"27","Acvr2a"
"28","Adal"
"29","Adamts12"
"30","Adamts2"
"31","Adamts4"
"32","Adap1"
"33","Adap2"
"34","Adcy9"
"35","Adm"
"36","Adnp2"
"37","Ado"
"38","Adpgk"
"39","Adrbk1"
"40","Adrm1"
"41","Afap1l1"
"42","Agfg2"
"43","Agrp"
"44","Ahctf1"
"45","Ahnak"
"46","Ahsa2"
"47","AI846148"
"48","Aimp2"
"49","Airn"
"50","Ajuba"
"51","Akap1"
"52","Akr1c12"
"53","Akr1c13"
"54","Akr7a5"
"55","Akt3"
"56","Aldh3a2"
"57","Aldh7a1"
"58","Alg11"
"59","Alg13"
"60","Alg2"
"61","Alg9"
"62","Alkbh4"
"63","Alyref"
"64","Ambra1"
"65","Amica1"
"66","Amn1"
"67","Anapc1"
"68","Anapc16"
"69","Anapc2"
"70","Ankhd1"
"71","Ankib1"
"72","Ankrd10"
"73","Ankrd13a"
"74","Ankrd13c"
"75","Ankrd16"
"76","Ankrd49"
"77","Ano10"
"78","Ano6"
"79","Anxa4"
"80","Anxa7"
"81","Ap1m1"
"82","Ap3b1"
"83","Ap3d1"
"84","Ap3s1"
"85","Apc"
"86","Apeh"
"87","Aprt"
"88","Aqr"
"89","Arcn1"
"90","Arf1"
"91","Arf4"
"92","Arfgap1"
"93","Arfgef2"
"94","Arglu1"
"95","Arhgap17"
"96","Arhgap19"
"97","Arhgap26"
"98","Arhgap27"
"99","Arhgap28"
"100","Arhgap39"
"101","Arhgef12"
"102","Arhgef28"
"103","Arhgef38"
"104","Arhgef5"
"105","Arhgef6"
"106","Arid1a"
"107","Arid3a"
"108","Arih1"
"109","Arih2"
"110","Arl4a"
"111","Arl5a"
"112","Arl8a"
"113","Arpc5"
"114","Asah2"
"115","Ash2l"
"116","Aspdh"
"117","Aspm"
"118","Atad2b"
"119","Atad5"
"120","Atf7"
"121","Atg4c"
"122","Atg9a"
"123","Atn1"
"124","Atp10b"
"125","Atp11a"
"126","Atp11b"
"127","Atp11c"
"128","Atp13a1"
"129","Atp2b1"
"130","Atp2c1"
"131","Atp6v0b"
"132","Atp6v0d1"
"133","Atp8a2"
"134","Atr"
"135","Atxn1"
"136","Atxn3"
"137","Aven"
"138","Azin1"
"139","B230354K17Rik"
"140","B4galt4"
"141","B4galt6"
"142","Bach2"
"143","Bag1"
"144","Bag3"
"145","Bag4"
"146","Bag5"
"147","Baiap2"
"148","Bambi"
"149","Baz2b"
"150","Bbip1"
"151","BC003965"
"152","BC016579"
"153","Bcap29"
"154","Bcap31"
"155","Bccip"
"156","Bcl2"
"157","Bcl2l12"
"158","Bcl2l14"
"159","Bcl9l"
"160","Bclaf1"
"161","Bcr"
"162","Bdh1"
"163","Bdp1"
"164","Bin3"
"165","Bmp2k"
"166","Bmpr2"
"167","Bms1"
"168","Boc"
"169","Bola2"
"170","Bop1"
"171","Brcc3"
"172","Brd1"
"173","Brd3"
"174","Bri3bp"
"175","Brpf3"
"176","Btbd3"
"177","Btbd6"
"178","Btbd7"
"179","Btc"
"180","Btnl4"
"181","Btnl5-ps"
"182","C1galt1c1"
"183","C1qbp"
"184","Cabin1"
"185","Cables1"
"186","Cad"
"187","Camk2d"
"188","Camk2g"
"189","Cand1"
"190","Cap1"
"191","Capn15"
"192","Car4"
"193","Carhsp1"
"194","Casc3"
"195","Casp8ap2"
"196","Cast"
"197","Cat"
"198","Cav2"
"199","Cbfa2t3"
"200","Cbfb"
"201","Cbll1"
"202","Cbx2"
"203","Ccdc167"
"204","Ccdc186"
"205","Ccdc25"
"206","Ccdc28a"
"207","Ccdc47"
"208","Ccdc68"
"209","Ccdc71"
"210","Ccdc71l"
"211","Ccl28"
"212","Ccnc"
"213","Ccnd3"
"214","Ccne1"
"215","Ccng1"
"216","Ccni"
"217","Cd200"
"218","Cd276"
"219","Cd2bp2"
"220","Cd302"
"221","Cd47"
"222","Cd82"
"223","Cdc14a"
"224","Cdc25b"
"225","Cdc27"
"226","Cdc42bpa"
"227","Cdc42ep4"
"228","Cdc42ep5"
"229","Cdc42se1"
"230","Cdc73"
"231","Cdca7"
"232","Cdk18"
"233","Cdk5"
"234","Cdkl5"
"235","Cdkn2aip"
"236","Cdkn2aipnl"
"237","Cdo1"
"238","Cdsn"
"239","Cdyl"
"240","Cebpg"
"241","Cenpm"
"242","Cenpv"
"243","Cep128"
"244","Cep295"
"245","Cep350"
"246","Cept1"
"247","Ces2c"
"248","Cetn3"
"249","Cfl2"
"250","Cftr"
"251","Cgn"
"252","Champ1"
"253","Chchd5"
"254","Chd8"
"255","Chga"
"256","Chgb"
"257","Chka"
"258","Chml"
"259","Chmp2b"
"260","Chmp4b"
"261","Chmp4c"
"262","Chordc1"
"263","Chpf"
"264","Chtf8"
"265","Ciita"
"266","Cited4"
"267","Clcn2"
"268","Clec7a"
"269","Clic4"
"270","Clic5"
"271","Clk2"
"272","Clk3"
"273","Clptm1l"
"274","Clrn3"
"275","Cmah"
"276","Cmpk2"
"277","Cmtm3"
"278","Cnih4"
"279","Cnksr1"
"280","Cnn2"
"281","Cnot11"
"282","Cnot2"
"283","Cnot7"
"284","Cnot8"
"285","Coa5"
"286","Cog5"
"287","Col18a1"
"288","Col27a1"
"289","Col5a1"
"290","Col6a2"
"291","Col6a3"
"292","Comt"
"293","Copb1"
"294","Cops4"
"295","Cops8"
"296","Coq3"
"297","Cox16"
"298","Cox17"
"299","Cped1"
"300","Cpped1"
"301","Cpsf4"
"302","Cpt2"
"303","Cptp"
"304","Cracr2b"
"305","Cramp1l"
"306","Creb3l2"
"307","Crebl2"
"308","Crybg3"
"309","Csf1"
"310","Csf1r"
"311","Csnk1e"
"312","Csnk1g1"
"313","Ctbp2"
"314","Ctbs"
"315","Ctdsp2"
"316","Cth"
"317","Ctnnbip1"
"318","Cttnbp2"
"319","Cul1"
"320","Cul3"
"321","Cul4a"
"322","Cuta"
"323","Cutal"
"324","Cwc15"
"325","Cwh43"
"326","Cx3cl1"
"327","Cx3cr1"
"328","Cxcl11"
"329","Cxcl12"
"330","Cyld"
"331","Cyp2d34"
"332","Cyp2r1"
"333","Cyth3"
"334","Cyth4"
"335","Cytip"
"336","Cyyr1"
"337","Dag1"
"338","Dagla"
"339","Daglb"
"340","Dapk1"
"341","Dars2"
"342","Dazap2"
"343","Dbnl"
"344","Dcaf17"
"345","Dcaf6"
"346","Dclre1b"
"347","Dctn2"
"348","Dctn5"
"349","Dcun1d1"
"350","Dcun1d3"
"351","Dcun1d5"
"352","Ddc"
"353","Ddhd1"
"354","Ddost"
"355","Ddx1"
"356","Ddx3y"
"357","Ddx42"
"358","Ddx60"
"359","Dedd"
"360","Dennd5b"
"361","Depdc1b"
"362","Depdc5"
"363","Desi1"
"364","Dgkd"
"365","Dhrs3"
"366","Dhrs7b"
"367","Dhx33"
"368","Dhx36"
"369","Dhx38"
"370","Dhx8"
"371","Dido1"
"372","Dip2c"
"373","Dis3l"
"374","Dkk2"
"375","Dlc1"
"376","Dnaja3"
"377","Dnajb1"
"378","Dnajb6"
"379","Dnajc1"
"380","Dnajc13"
"381","Dnajc16"
"382","Dnajc7"
"383","Dnase2a"
"384","Dnm1l"
"385","Dock1"
"386","Dock9"
"387","Dolpp1"
"388","Dot1l"
"389","Dpep1"
"390","Dph1"
"391","Dpp8"
"392","Dpysl2"
"393","Duox2"
"394","Dus1l"
"395","Dusp11"
"396","Dusp19"
"397","Dusp4"
"398","Dusp5"
"399","Dvl3"
"400","Dym"
"401","Dynll2"
"402","Dyrk1b"
"403","E2f5"
"404","E2f8"
"405","Ecd"
"406","Ech1"
"407","Eda2r"
"408","Edem2"
"409","Eed"
"410","Efna4"
"411","Efr3a"
"412","Eftud2"
"413","Ehd1"
"414","Ehd2"
"415","Eif1ax"
"416","Eif2ak2"
"417","Eif2ak3"
"418","Eif2ak4"
"419","Eif2s3x"
"420","Eif3k"
"421","Eif4a1"
"422","Eif6"
"423","Ell"
"424","Elmo1"
"425","Elmsan1"
"426","Elovl1"
"427","Elovl5"
"428","Elovl6"
"429","Elp3"
"430","Emc1"
"431","Emc3"
"432","Emc6"
"433","Eml3"
"434","Eml4"
"435","Emp2"
"436","Enpp5"
"437","Ensa"
"438","Enthd2"
"439","Entpd6"
"440","Entpd7"
"441","Entpd8"
"442","Eogt"
"443","Ep300"
"444","Epha1"
"445","Ept1"
"446","Ercc6"
"447","Ergic2"
"448","Erh"
"449","Eri1"
"450","Erlec1"
"451","Ermp1"
"452","Ern1"
"453","Esco1"
"454","Ets1"
"455","Exosc10"
"456","Exosc5"
"457","Extl3"
"458","Ezh1"
"459","F8a"
"460","Fa2h"
"461","Fadd"
"462","Fam126b"
"463","Fam134c"
"464","Fam135a"
"465","Fam171a1"
"466","Fam179b"
"467","Fam193a"
"468","Fam208b"
"469","Fam43a"
"470","Fam46a"
"471","Fam49b"
"472","Fam57a"
"473","Fam76a"
"474","Fam83f"
"475","Fam84b"
"476","Fam98b"
"477","Fance"
"478","Farsb"
"479","Fastkd3"
"480","Fat1"
"481","Fbln1"
"482","Fbln2"
"483","Fbln5"
"484","Fbrsl1"
"485","Fbxo30"
"486","Fbxo34"
"487","Fbxw11"
"488","Fbxw2"
"489","Fbxw7"
"490","Fbxw8"
"491","Fcgbp"
"492","Fgd4"
"493","Fgfr1op"
"494","Fgfr1op2"
"495","Fgfr2"
"496","Filip1l"
"497","Fip1l1"
"498","Fkbp2"
"499","Flot2"
"500","Flrt3"
"501","Fnbp4"
"502","Fnip2"
"503","Foxa1"
"504","Foxd2os"
"505","Foxj3"
"506","Foxk1"
"507","Foxk2"
"508","Foxo1"
"509","Foxp4"
"510","Foxq1"
"511","Fra10ac1"
"512","Frmd4b"
"513","Frmd8"
"514","Fryl"
"515","Ftl1"
"516","Ftsj3"
"517","Fubp3"
"518","Fuca1"
"519","Furin"
"520","Fyttd1"
"521","Fzd7"
"522","Fzr1"
"523","G2e3"
"524","Gaa"
"525","Gab2"
"526","Gabpb1"
"527","Gad2"
"528","Gadd45g"
"529","Gak"
"530","Galk2"
"531","Galnt10"
"532","Galnt11"
"533","Galnt12"
"534","Galnt2"
"535","Galnt4"
"536","Gapvd1"
"537","Gatad1"
"538","Gatad2b"
"539","Gatb"
"540","Gbas"
"541","Gbe1"
"542","Gbp3"
"543","Gcc1"
"544","Gcc2"
"545","Gcn1l1"
"546","Gga2"
"547","Gigyf2"
"548","Glb1"
"549","Glmn"
"550","Glo1"
"551","Glrx"
"552","Glud1"
"553","Gm10184"
"554","Gm17619"
"555","Gm23119"
"556","Gm24259"
"557","Gm26561"
"558","Gm26637"
"559","Gnl1"
"560","Gnptab"
"561","Gns"
"562","Golga1"
"563","Golga5"
"564","Golph3"
"565","Gosr2"
"566","Gpam"
"567","Gpatch2"
"568","Gpatch4"
"569","Gpbp1l1"
"570","Gpd1l"
"571","Gpd2"
"572","Gpkow"
"573","Gpr155"
"574","Gpr160"
"575","Gpr35"
"576","Gpr39"
"577","Gpr89"
"578","Gprasp1"
"579","Gpx3"
"580","Gramd1a"
"581","Gramd3"
"582","Grb2"
"583","Grb7"
"584","Grsf1"
"585","Grtp1"
"586","Gss"
"587","Gtf2a1"
"588","Gtf2e1"
"589","Gtf2e2"
"590","Guf1"
"591","Gys1"
"592","H13"
"593","H19"
"594","H2-Aa"
"595","H2-DMb1"
"596","H2-Q2"
"597","H2-Q4"
"598","H2-Q6"
"599","H2afj"
"600","H2afv"
"601","H6pd"
"602","Hadha"
"603","Hars"
"604","Haus6"
"605","Hccs"
"606","Hcfc2"
"607","Hdac4"
"608","Hdac5"
"609","Hdac9"
"610","Hdgf"
"611","Heca"
"612","Hectd3"
"613","Heg1"
"614","Helz"
"615","Hepacam2"
"616","Heph"
"617","Herc1"
"618","Herc2"
"619","Herpud1"
"620","Hid1"
"621","Hif1an"
"622","Hilpda"
"623","Hint2"
"624","Hipk2"
"625","Hist1h2ak"
"626","Hist1h2be"
"627","Hist1h2bp"
"628","Hist1h3a"
"629","Hist1h3i"
"630","Hist1h4d"
"631","Hist2h3b"
"632","Hivep1"
"633","Hltf"
"634","Hmbox1"
"635","Hmcn1"
"636","Hmga2"
"637","Hmgb3"
"638","Hmgxb4"
"639","Hnf4g"
"640","Hnrnpa3"
"641","Hnrnpl"
"642","Hnrnpll"
"643","Hnrnpm"
"644","Hook1"
"645","Hottip"
"646","Hoxa1"
"647","Hoxa11os"
"648","Hoxa13"
"649","Hoxa4"
"650","Hoxb8"
"651","Hps3"
"652","Hr"
"653","Hsd17b11"
"654","Hsd17b4"
"655","Hsd17b7"
"656","Hsdl1"
"657","Hspa13"
"658","Hsph1"
"659","Icam1"
"660","Id1"
"661","Idh3b"
"662","Idh3g"
"663","Ier5"
"664","Ifngr2"
"665","Ighv5-12"
"666","Igkv5-39"
"667","Igsf3"
"668","Ikbkb"
"669","Il18bp"
"670","Il1rn"
"671","Il22ra1"
"672","Il4ra"
"673","Immp2l"
"674","Inafm2"
"675","Ing5"
"676","Ino80"
"677","Ino80e"
"678","Inpp5b"
"679","Inpp5e"
"680","Inpp5f"
"681","Ints3"
"682","Ints8"
"683","Ip6k1"
"684","Ipo4"
"685","Ipo5"
"686","Ipo7"
"687","Ippk"
"688","Irak1"
"689","Ireb2"
"690","Irf2bpl"
"691","Irf4"
"692","Irf8"
"693","Irf9"
"694","Irgq"
"695","Isg20l2"
"696","Isoc1"
"697","Isx"
"698","Itch"
"699","Itga1"
"700","Itgav"
"701","Itgb3"
"702","Itgb8"
"703","Itih5"
"704","Itm2b"
"705","Itpkb"
"706","Jade3"
"707","Jag1"
"708","Jagn1"
"709","Jak1"
"710","Jak2"
"711","Josd1"
"712","Jph1"
"713","Jund"
"714","Kansl1"
"715","Kansl1l"
"716","Kansl2"
"717","Kbtbd2"
"718","Kcnk1"
"719","Kcnk5"
"720","Kctd14"
"721","Kctd5"
"722","Kctd6"
"723","Kdm1a"
"724","Kdm4c"
"725","Kdm5b"
"726","Kdr"
"727","Khdrbs1"
"728","Khdrbs3"
"729","Kidins220"
"730","Kif13b"
"731","Kif21a"
"732","Kif24"
"733","Kif2a"
"734","Klc1"
"735","Klc4"
"736","Klf10"
"737","Klf11"
"738","Klhl12"
"739","Klhl15"
"740","Klhl22"
"741","Klhl24"
"742","Klhl28"
"743","Klhl42"
"744","Klhl9"
"745","Knop1"
"746","Kpna1"
"747","Krcc1"
"748","Kremen2"
"749","Ktn1"
"750","Lama3"
"751","Lama4"
"752","Lama5"
"753","Lamc1"
"754","Lamp1"
"755","Lamtor2"
"756","Lamtor5"
"757","Large"
"758","Larp4"
"759","Lats1"
"760","Lbh"
"761","Ldlrad3"
"762","Lefty1"
"763","Leprot"
"764","Letmd1"
"765","Lfng"
"766","Lhfpl2"
"767","Lif"
"768","Lig3"
"769","Limd1"
"770","Lims1"
"771","Lin9"
"772","Llgl1"
"773","Lmbrd1"
"774","Lmo7"
"775","Lnpep"
"776","Lox"
"777","Loxl2"
"778","Loxl4"
"779","Lpcat2"
"780","Lpcat3"
"781","Lpgat1"
"782","Lpin2"
"783","Lpo"
"784","Lrch1"
"785","Lrch3"
"786","Lrig3"
"787","Lrrc31"
"788","Lrrc8c"
"789","Lsm14a"
"790","Ltbp4"
"791","Lurap1l"
"792","Lypla1"
"793","Macc1"
"794","Maf1"
"795","Mafk"
"796","Magi3"
"797","Malat1"
"798","Malrd1"
"799","Malt1"
"800","Maml3"
"801","Man1a"
"802","Man1c1"
"803","Man2b2"
"804","Map2k1"
"805","Map2k5"
"806","Map3k2"
"807","Map3k3"
"808","Map3k4"
"809","Map3k5"
"810","Map7d1"
"811","Mapk1ip1l"
"812","Mapk8"
"813","Mapkap1"
"814","March3"
"815","March8"
"816","Marcks"
"817","Mark2"
"818","Matr3"
"819","Mbd6"
"820","Mbip"
"821","Mboat2"
"822","Mbtps1"
"823","Mcc"
"824","Mcf2l"
"825","Mcm6"
"826","Mcph1"
"827","Mcur1"
"828","Mdh2"
"829","Med12"
"830","Med13l"
"831","Med15"
"832","Med16"
"833","Med21"
"834","Med24"
"835","Mef2a"
"836","Megf8"
"837","Men1"
"838","Mepce"
"839","Metap1d"
"840","Mettl17"
"841","Mettl20"
"842","Mettl7a1"
"843","Mex3c"
"844","Mfge8"
"845","Mfsd10"
"846","Mfsd11"
"847","Mfsd6"
"848","Mga"
"849","Mgam"
"850","Mgat2"
"851","Mgea5"
"852","Mgst2"
"853","Mical2"
"854","Mier1"
"855","Mier2"
"856","Mitd1"
"857","Mkl1"
"858","Mknk1"
"859","Mlec"
"860","Mlh1"
"861","Mllt10"
"862","Mllt6"
"863","Mmab"
"864","Mmgt2"
"865","Mmp7"
"866","Mms22l"
"867","Mob2"
"868","Mob3a"
"869","Mob3b"
"870","Mob3c"
"871","Mon1a"
"872","Mon2"
"873","Morc2a"
"874","Mospd3"
"875","Mpc2"
"876","Mpeg1"
"877","Mpzl2"
"878","Mras"
"879","Mre11a"
"880","Mrpl16"
"881","Mrpl20"
"882","Mrpl50"
"883","Mrps14"
"884","Mrps16"
"885","Mrps17"
"886","Mrps21"
"887","Mrps30"
"888","Ms4a7"
"889","Msh6"
"890","Msl2"
"891","Msmo1"
"892","mt-Nd3"
"893","mt-Rnr1"
"894","mt-Rnr2"
"895","mt-Tc"
"896","Mta1"
"897","Mtap"
"898","Mtcl1"
"899","Mtf1"
"900","Mtmr14"
"901","Mtmr2"
"902","Mtmr3"
"903","Mtmr4"
"904","Mto1"
"905","Mtpn"
"906","Mtrr"
"907","Mtx2"
"908","Muc3"
"909","Mul1"
"910","Mxd4"
"911","Mxi1"
"912","Mycl"
"913","Myg1"
"914","Myl12a"
"915","Myl12b"
"916","Myo15b"
"917","Myo18a"
"918","Myo1e"
"919","Myo5c"
"920","Myo7b"
"921","Myo9a"
"922","Myzap"
"923","Mzt1"
"924","N4bp2"
"925","N4bp2l2"
"926","Naa16"
"927","Naa20"
"928","Naa35"
"929","Nabp1"
"930","Nacc2"
"931","Naip2"
"932","Naip5"
"933","Nap1l4"
"934","Nars"
"935","Nav2"
"936","Nbeal1"
"937","Ncdn"
"938","Ncoa5"
"939","Ncoa6"
"940","Ncoa7"
"941","Ndel1"
"942","Ndor1"
"943","Ndufa10"
"944","Ndufa7"
"945","Ndufb10"
"946","Neat1"
"947","Necap1"
"948","Nedd4l"
"949","Nek7"
"950","Nelfcd"
"951","Neo1"
"952","Neurl1b"
"953","Nf1"
"954","Nfic"
"955","Nfxl1"
"956","Nfya"
"957","Ngef"
"958","Ngfrap1"
"959","Ngrn"
"960","Nhlrc2"
"961","Nhlrc3"
"962","Nhs"
"963","Nifk"
"964","Nisch"
"965","Nkd1"
"966","Nkiras2"
"967","Nktr"
"968","Nln"
"969","Nlrc4"
"970","Nlrx1"
"971","Nme4"
"972","Nmnat3"
"973","Nmt2"
"974","Noc3l"
"975","Nol12"
"976","Nol9"
"977","Nomo1"
"978","Nop9"
"979","Nos2"
"980","Nostrin"
"981","Npas2"
"982","Nploc4"
"983","Nprl2"
"984","Nr1h2"
"985","Nr1h4"
"986","Nrf1"
"987","Nrip3"
"988","Nsf"
"989","Nsun3"
"990","Nt5c2"
"991","Nt5dc1"
"992","Nub1"
"993","Nubp2"
"994","Nudcd1"
"995","Nudt18"
"996","Numa1"
"997","Numb"
"998","Nup133"
"999","Nup153"
"1000","Nup188"
"1001","Nup205"
"1002","Nup35"
"1003","Nup93"
"1004","Nup98"
"1005","Nupr1"
"1006","Nxn"
"1007","Oas2"
"1008","Odc1"
"1009","Odf2"
"1010","Olfr267"
"1011","Opa1"
"1012","Oraov1"
"1013","Orc1"
"1014","Orc5"
"1015","Osbp"
"1016","Osbpl10"
"1017","Osbpl11"
"1018","Osbpl5"
"1019","Ost4"
"1020","Ostf1"
"1021","P2ry1"
"1022","P2ry6"
"1023","P4hb"
"1024","Pacs2"
"1025","Paip1"
"1026","Paip2"
"1027","Pak1"
"1028","Palld"
"1029","Pam"
"1030","Pank2"
"1031","Pank3"
"1032","Panx1"
"1033","Papd4"
"1034","Parp6"
"1035","Patl1"
"1036","Pawr"
"1037","Paxip1"
"1038","Pbk"
"1039","Pbx1"
"1040","Pbx2"
"1041","Pcbd1"
"1042","Pcf11"
"1043","Pcx"
"1044","Pcyox1"
"1045","Pdcd10"
"1046","Pdcd6"
"1047","Pde11a"
"1048","Pde12"
"1049","Pde4b"
"1050","Pde7a"
"1051","Pdia5"
"1052","Pdk3"
"1053","Pdlim4"
"1054","Pdpk1"
"1055","Pds5a"
"1056","Peak1"
"1057","Per3"
"1058","Pex2"
"1059","Pex26"
"1060","Pfdn5"
"1061","Pfkfb3"
"1062","Pgp"
"1063","Pgrmc2"
"1064","Phactr2"
"1065","Phc2"
"1066","Phf11b"
"1067","Phf12"
"1068","Phf20"
"1069","Phf21b"
"1070","Phf5a"
"1071","Phip"
"1072","Phka2"
"1073","Phldb1"
"1074","Pias2"
"1075","Pibf1"
"1076","Piezo1"
"1077","Piezo2"
"1078","Pigg"
"1079","Pign"
"1080","Pigq"
"1081","Pik3c2b"
"1082","Pik3ca"
"1083","Pikfyve"
"1084","Pip5k1a"
"1085","Pip5k1b"
"1086","Pitpnb"
"1087","Pitpnm1"
"1088","Pitrm1"
"1089","Pklr"
"1090","Pkmyt1"
"1091","Pkn1"
"1092","Pknox1"
"1093","Pkp2"
"1094","Pkp3"
"1095","Pla1a"
"1096","Pla2g15"
"1097","Pla2g3"
"1098","Plagl2"
"1099","Plcd1"
"1100","Plce1"
"1101","Plch2"
"1102","Plcxd2"
"1103","Plekha1"
"1104","Plekha2"
"1105","Plekha3"
"1106","Plekha8"
"1107","Plgrkt"
"1108","Plin3"
"1109","Plk1"
"1110","Pltp"
"1111","Plxna2"
"1112","Pm20d2"
"1113","Pml"
"1114","Pms2"
"1115","Pnpla6"
"1116","Pnpt1"
"1117","Pnrc2"
"1118","Podn"
"1119","Pola1"
"1120","Pold3"
"1121","Poldip2"
"1122","Pole4"
"1123","Polh"
"1124","Polq"
"1125","Polr3g"
"1126","Pom121"
"1127","Pomk"
"1128","Pomt2"
"1129","Pot1a"
"1130","Pot1b"
"1131","Ppa1"
"1132","Ppa2"
"1133","Ppard"
"1134","Ppil2"
"1135","Ppip5k2"
"1136","Ppm1a"
"1137","Ppm1f"
"1138","Ppp1r12a"
"1139","Ppp1r12c"
"1140","Ppp1r1b"
"1141","Ppp1r21"
"1142","Ppp1r3e"
"1143","Ppp1r9a"
"1144","Ppp2cb"
"1145","Ppp2r1a"
"1146","Ppp2r2d"
"1147","Ppp3cb"
"1148","Ppp3r1"
"1149","Ppp6r1"
"1150","Pprc1"
"1151","Ppt2"
"1152","Ppwd1"
"1153","Pqlc1"
"1154","Pramef8"
"1155","Prc1"
"1156","Prdm4"
"1157","Prelid1"
"1158","Primpol"
"1159","Prkaa1"
"1160","Prkci"
"1161","Prkd3"
"1162","Prpf4b"
"1163","Prpf6"
"1164","Prps1l3"
"1165","Prr13"
"1166","Prr14l"
"1167","Prrg4"
"1168","Prss8"
"1169","Prune2"
"1170","Psd4"
"1171","Psen1"
"1172","Psip1"
"1173","Psma3"
"1174","Psma5"
"1175","Psmd2"
"1176","Psmd5"
"1177","Psmd6"
"1178","Psmf1"
"1179","Ptbp2"
"1180","Ptch1"
"1181","Ptger4"
"1182","Pthlh"
"1183","Ptpn3"
"1184","Ptprf"
"1185","Ptprz1"
"1186","Pttg1ip"
"1187","Pura"
"1188","Pus7"
"1189","Pus7l"
"1190","Pvr"
"1191","Pvrl2"
"1192","Pvrl3"
"1193","Pvrl4"
"1194","Pwwp2b"
"1195","Pxn"
"1196","Pyurf"
"1197","Qdpr"
"1198","Qrich1"
"1199","Qsox1"
"1200","Qsox2"
"1201","R3hcc1l"
"1202","R3hdm1"
"1203","Rab10os"
"1204","Rab11fip4"
"1205","Rab22a"
"1206","Rab27b"
"1207","Rab31"
"1208","Rab35"
"1209","Rab3d"
"1210","Rab3gap1"
"1211","Rab3gap2"
"1212","Rab8a"
"1213","Rab8b"
"1214","Rabl3"
"1215","Rad50"
"1216","Raf1"
"1217","Rala"
"1218","Ralgds"
"1219","Ralgps2"
"1220","Raly"
"1221","Ranbp9"
"1222","Rangap1"
"1223","Rap2b"
"1224","Raph1"
"1225","Rars2"
"1226","Rasa1"
"1227","Rasgef1b"
"1228","Rasl11b"
"1229","Rb1cc1"
"1230","Rbbp4"
"1231","Rbbp5"
"1232","Rbbp6"
"1233","Rbl2"
"1234","Rbm12b2"
"1235","Rbm22"
"1236","Rbm25"
"1237","Rbm26"
"1238","Rbm27"
"1239","Rbm33"
"1240","Rbm34"
"1241","Rbm39"
"1242","Rbm5"
"1243","Rbm8a"
"1244","Rbms2"
"1245","Rbpms"
"1246","Rc3h1"
"1247","Rc3h2"
"1248","Rcan1"
"1249","Rcan3"
"1250","Rcbtb1"
"1251","Rcor1"
"1252","Recql5"
"1253","Reep6"
"1254","Relb"
"1255","Reps1"
"1256","Rer1"
"1257","Rev3l"
"1258","Rffl"
"1259","Rfwd2"
"1260","Rfwd3"
"1261","Rfx5"
"1262","Rfx7"
"1263","Rgcc"
"1264","Rgmb"
"1265","Rgn"
"1266","Rgs5"
"1267","Rhbdd3"
"1268","Rhot2"
"1269","Rhou"
"1270","Riok3"
"1271","Rlim"
"1272","Rmi2"
"1273","Rnf128"
"1274","Rnf14"
"1275","Rnf141"
"1276","Rnf146"
"1277","Rnf149"
"1278","Rnf157"
"1279","Rnf169"
"1280","Rnf214"
"1281","Rnf219"
"1282","Rnf26"
"1283","Rnft1"
"1284","Ror1"
"1285","RP23-81K14.2"
"1286","Rpe"
"1287","Rpl14-ps1"
"1288","Rpl9"
"1289","Rpn2"
"1290","Rprd2"
"1291","Rps15a"
"1292","Rpusd2"
"1293","Rrm2b"
"1294","Rrn3"
"1295","Rsbn1l"
"1296","Rsf1"
"1297","Rspry1"
"1298","Rtcb"
"1299","Rtp4"
"1300","Rufy3"
"1301","Rundc1"
"1302","Rundc3b"
"1303","Rusc1"
"1304","Rxrb"
"1305","Rybp"
"1306","Ryk"
"1307","S100a10"
"1308","Sacm1l"
"1309","Sae1"
"1310","Sall1"
"1311","Samd10"
"1312","Samd8"
"1313","Sarnp"
"1314","Sbf2"
"1315","Sbk1"
"1316","Scaf11"
"1317","Scamp1"
"1318","Scamp5"
"1319","Scd1"
"1320","Scfd1"
"1321","Scin"
"1322","Scmh1"
"1323","Scn1b"
"1324","Scnn1g"
"1325","Scyl1"
"1326","Scyl2"
"1327","Sdc3"
"1328","Sdccag3"
"1329","Sdhb"
"1330","Sdhd"
"1331","Sec16b"
"1332","Sec22a"
"1333","Sec23ip"
"1334","Sec24b"
"1335","Sec24c"
"1336","Sema4d"
"1337","Senp2"
"1338","Sepp1"
"1339","Sept8"
"1340","Sept9"
"1341","Serbp1"
"1342","Serpina3n"
"1343","Sestd1"
"1344","Set"
"1345","Setd4"
"1346","Setd8"
"1347","Setx"
"1348","Sf3a1"
"1349","Sf3b3"
"1350","Sgms1"
"1351","Sgpp1"
"1352","Sh3bgrl"
"1353","Sh3kbp1"
"1354","Sh3pxd2b"
"1355","Sh3tc2"
"1356","Shc1"
"1357","Shf"
"1358","Shmt1"
"1359","Shroom2"
"1360","Sigmar1"
"1361","Sik2"
"1362","Sik3"
"1363","Sin3a"
"1364","Skap2"
"1365","Skil"
"1366","Skiv2l"
"1367","Skiv2l2"
"1368","Skp2"
"1369","Slain2"
"1370","Slc10a3"
"1371","Slc10a6"
"1372","Slc12a6"
"1373","Slc12a8"
"1374","Slc15a3"
"1375","Slc16a6"
"1376","Slc19a2"
"1377","Slc20a2"
"1378","Slc22a15"
"1379","Slc23a2"
"1380","Slc25a20"
"1381","Slc25a22"
"1382","Slc25a4"
"1383","Slc25a5"
"1384","Slc27a4"
"1385","Slc29a3"
"1386","Slc2a1"
"1387","Slc2a13"
"1388","Slc30a7"
"1389","Slc35a5"
"1390","Slc35b1"
"1391","Slc35b2"
"1392","Slc37a3"
"1393","Slc39a14"
"1394","Slc39a9"
"1395","Slc40a1"
"1396","Slc41a1"
"1397","Slc43a2"
"1398","Slc43a3"
"1399","Slc48a1"
"1400","Slc4a11"
"1401","Slc4a2"
"1402","Slc5a1"
"1403","Slc6a9"
"1404","Slc7a1"
"1405","Slc7a6"
"1406","Slc9a2"
"1407","Slc9a3"
"1408","Slco3a1"
"1409","Slco4a1"
"1410","Slfn4"
"1411","Smad1"
"1412","Smad2"
"1413","Smad3"
"1414","Smap2"
"1415","Smarca5"
"1416","Smarcad1"
"1417","Smg1"
"1418","Smg8"
"1419","Smim14"
"1420","Smim22"
"1421","Smpd4"
"1422","Smug1"
"1423","Smurf2"
"1424","Snap29"
"1425","Snapc1"
"1426","Snapc3"
"1427","Snhg1"
"1428","Snhg6"
"1429","Snrk"
"1430","Snrnp40"
"1431","Snx11"
"1432","Snx15"
"1433","Snx29"
"1434","Snx4"
"1435","Snx9"
"1436","Socs5"
"1437","Socs6"
"1438","Socs7"
"1439","Sod2"
"1440","Sorcs2"
"1441","Sord"
"1442","Sox13"
"1443","Sox9"
"1444","Sp1"
"1445","Sp100"
"1446","Sp3"
"1447","Sp3os"
"1448","Spag9"
"1449","Spast"
"1450","Spata2"
"1451","Spata6"
"1452","Spidr"
"1453","Spred2"
"1454","Spred3"
"1455","Spryd3"
"1456","Spryd4"
"1457","Sptlc1"
"1458","Srgap1"
"1459","Srgap2"
"1460","Srp72"
"1461","Srrm1"
"1462","Srsf2"
"1463","Srsf6"
"1464","Srxn1"
"1465","Ssbp1"
"1466","Ssbp4"
"1467","Ssr3"
"1468","St13"
"1469","St3gal1"
"1470","St3gal6"
"1471","St5"
"1472","St6galnac2"
"1473","Stag2"
"1474","Stam2"
"1475","Stambpl1"
"1476","Stap2"
"1477","Stard13"
"1478","Stard3nl"
"1479","Stat1"
"1480","Stat6"
"1481","Steap4"
"1482","Stk25"
"1483","Stk38"
"1484","Stk39"
"1485","Stk4"
"1486","Stom"
"1487","Stra13"
"1488","Strn3"
"1489","Stt3a"
"1490","Stt3b"
"1491","Stx5a"
"1492","Stx8"
"1493","Suco"
"1494","Sult1b1"
"1495","Sumo3"
"1496","Sun1"
"1497","Supt20"
"1498","Susd1"
"1499","Suv420h1"
"1500","Suz12"
"1501","Swi5"
"1502","Syap1"
"1503","Syf2"
"1504","Syk"
"1505","Syne2"
"1506","Syngap1"
"1507","Synj2"
"1508","Synrg"
"1509","Sytl1"
"1510","Szt2"
"1511","Tab1"
"1512","Tab3"
"1513","Taf15"
"1514","Taf2"
"1515","Taok2"
"1516","Tasp1"
"1517","Tatdn1"
"1518","Tbc1d1"
"1519","Tbc1d14"
"1520","Tbl2"
"1521","Tbp"
"1522","Tbrg1"
"1523","Tcf12"
"1524","Tcf21"
"1525","Tcf25"
"1526","Tdrd3"
"1527","Tead1"
"1528","Tecpr2"
"1529","Tgfbr3"
"1530","Tgm3"
"1531","Thbs1"
"1532","Thoc2"
"1533","Ticam1"
"1534","Tjp2"
"1535","Tldc1"
"1536","Tlr3"
"1537","Tlr4"
"1538","Tm4sf20"
"1539","Tmc5"
"1540","Tmcc1"
"1541","Tmed2"
"1542","Tmed5"
"1543","Tmed7"
"1544","Tmem102"
"1545","Tmem106b"
"1546","Tmem123"
"1547","Tmem126a"
"1548","Tmem128"
"1549","Tmem147"
"1550","Tmem171"
"1551","Tmem180"
"1552","Tmem185b"
"1553","Tmem205"
"1554","Tmem243"
"1555","Tmem246"
"1556","Tmem37"
"1557","Tmem39a"
"1558","Tmem41a"
"1559","Tmem51"
"1560","Tmem80"
"1561","Tmem86b"
"1562","Tmigd1"
"1563","Tmub2"
"1564","Tmx1"
"1565","Tnc"
"1566","Tnip1"
"1567","Tnip3"
"1568","Tnk2"
"1569","Tomm20"
"1570","Topors"
"1571","Tpbg"
"1572","Tpr"
"1573","Tprgl"
"1574","Tprkb"
"1575","Tpx2"
"1576","Tra2b"
"1577","Trabd2b"
"1578","Trak2"
"1579","Tram1"
"1580","Trappc1"
"1581","Trappc8"
"1582","Trim21"
"1583","Trim24"
"1584","Trim26"
"1585","Trim27"
"1586","Trim31"
"1587","Trim35"
"1588","Trim41"
"1589","Trim44"
"1590","Trim65"
"1591","Trip11"
"1592","Trip13"
"1593","Trmt6"
"1594","Trove2"
"1595","Trp53bp1"
"1596","Trp53bp2"
"1597","Trpm6"
"1598","Tspan12"
"1599","Tspan4"
"1600","Tspo"
"1601","Tspyl1"
"1602","Tssc1"
"1603","Ttc1"
"1604","Ttc14"
"1605","Ttc22"
"1606","Ttc3"
"1607","Ttc39b"
"1608","Ttc9c"
"1609","Ttll10"
"1610","Tuft1"
"1611","Tug1"
"1612","Tusc2"
"1613","Twf1"
"1614","Twistnb"
"1615","Txlna"
"1616","Txlng"
"1617","Txn2"
"1618","Txndc5"
"1619","Txnl1"
"1620","Uap1"
"1621","Ubac1"
"1622","Ubac2"
"1623","Ubap1"
"1624","Ube2d2a"
"1625","Ube2d3"
"1626","Ube2f"
"1627","Ube2g1"
"1628","Ube2j2"
"1629","Ube2k"
"1630","Ubl3"
"1631","Ubn1"
"1632","Ubp1"
"1633","Ubtd1"
"1634","Ubtd2"
"1635","Ubxn8"
"1636","Uck2"
"1637","Ugdh"
"1638","Uhrf1"
"1639","Ulk3"
"1640","Unc45a"
"1641","Unc80"
"1642","Upf1"
"1643","Uqcrb"
"1644","Urb2"
"1645","Usb1"
"1646","Uso1"
"1647","Usp12"
"1648","Usp14"
"1649","Usp19"
"1650","Usp22"
"1651","Usp27x"
"1652","Usp31"
"1653","Usp34"
"1654","Usp4"
"1655","Usp40"
"1656","Usp7"
"1657","Utp14b"
"1658","Utp15"
"1659","Utp20"
"1660","Utrn"
"1661","Vapa"
"1662","Vapb"
"1663","Vars"
"1664","Vat1"
"1665","Vcan"
"1666","Vezt"
"1667","Vgll4"
"1668","Vill"
"1669","Vimp"
"1670","Vps11"
"1671","Vps13b"
"1672","Vps13d"
"1673","Vps35"
"1674","Vps37a"
"1675","Vps4a"
"1676","Vps4b"
"1677","Vsig1"
"1678","Vta1"
"1679","Wac"
"1680","Wdr25"
"1681","Wdr36"
"1682","Wdr41"
"1683","Wdr43"
"1684","Wdr47"
"1685","Wdr5"
"1686","Wdr62"
"1687","Wdr81"
"1688","Wdr83"
"1689","Wipf2"
"1690","Wipi1"
"1691","Wipi2"
"1692","Wsb1"
"1693","Wwp1"
"1694","Xbp1"
"1695","Xist"
"1696","Xk"
"1697","Xkr6"
"1698","Xpnpep1"
"1699","Xpo6"
"1700","Xpr1"
"1701","Xrcc5"
"1702","Xylt1"
"1703","Yars2"
"1704","Yeats4"
"1705","Yipf4"
"1706","Ykt6"
"1707","Ylpm1"
"1708","Yod1"
"1709","Ypel5"
"1710","Zbtb1"
"1711","Zbtb10"
"1712","Zbtb14"
"1713","Zbtb34"
"1714","Zbtb38"
"1715","Zbtb39"
"1716","Zbtb43"
"1717","Zbtb9"
"1718","Zc3h12a"
"1719","Zc3h18"
"1720","Zcchc2"
"1721","Zdhhc14"
"1722","Zdhhc16"
"1723","Zdhhc17"
"1724","Zdhhc4"
"1725","Zdhhc5"
"1726","Zeb1"
"1727","Zfand2b"
"1728","Zfand6"
"1729","Zfc3h1"
"1730","Zfml"
"1731","Zfp131"
"1732","Zfp143"
"1733","Zfp213"
"1734","Zfp217"
"1735","Zfp281"
"1736","Zfp317"
"1737","Zfp407"
"1738","Zfp408"
"1739","Zfp414"
"1740","Zfp429"
"1741","Zfp455"
"1742","Zfp532"
"1743","Zfp568"
"1744","Zfp598"
"1745","Zfp618"
"1746","Zfp62"
"1747","Zfp622"
"1748","Zfp644"
"1749","Zfp65"
"1750","Zfp655"
"1751","Zfp664"
"1752","Zfp68"
"1753","Zfp7"
"1754","Zfp703"
"1755","Zfp704"
"1756","Zfp706"
"1757","Zfp707"
"1758","Zfp711"
"1759","Zfp72"
"1760","Zfp738"
"1761","Zfp746"
"1762","Zfp768"
"1763","Zfp770"
"1764","Zfp800"
"1765","Zfp839"
"1766","Zfp850"
"1767","Zfp87"
"1768","Zfp871"
"1769","Zfp873"
"1770","Zfp942"
"1771","Zfp945"
"1772","Zfp948"
"1773","Zfp949"
"1774","Zfp952"
"1775","Zfyve16"
"1776","Zkscan17"
"1777","Zkscan3"
"1778","Zmat2"
"1779","Zmynd11"
"1780","Zmynd19"
"1781","Zmynd8"
"1782","Znrf1"
"1783","Zranb2"
"1784","Zscan22"
"1785","Zscan26"
"1786","Zswim6"
"1787","Zyg11b"
